"file","provider","title","source","license","license_url","credit"
"01.webp","Wikimedia Commons","United Airlines - N771UA - Flickr - skinnylawyer (3).jpg","https://commons.wikimedia.org/wiki/File:United_Airlines_-_N771UA_-_Flickr_-_skinnylawyer_(3).jpg","CC BY-SA 2.0","https://creativecommons.org/licenses/by-sa/2.0","skinnylawyer from Los Angeles, California, USA"
"02.webp","Wikimedia Commons","Classroom to cockpit- Day in the life of a student helicopter pilot (12001992594).jpg","https://commons.wikimedia.org/wiki/File:Classroom_to_cockpit-_Day_in_the_life_of_a_student_helicopter_pilot_(12001992594).jpg","CC BY 2.0","https://creativecommons.org/licenses/by/2.0","Fort Rucker"
"03.webp","Wikimedia Commons","100th Maintenance Squadron Jet Engine Raise (7103782).jpg","https://commons.wikimedia.org/wiki/File:100th_Maintenance_Squadron_Jet_Engine_Raise_(7103782).jpg","Public domain","","U.S. Air Force photo by Senior Airman Nicholas Swift"
"04.webp","Wikimedia Commons","Cockpit of Boeing 737 700 Flight Simulator in BerlinIMG 0135.JPG","https://commons.wikimedia.org/wiki/File:Cockpit_of_Boeing_737_700_Flight_Simulator_in_BerlinIMG_0135.JPG","CC BY-SA 3.0","https://creativecommons.org/licenses/by-sa/3.0","Politikaner"
"05.webp","Wikimedia Commons","Jetstar 787 (8953979236).jpg","https://commons.wikimedia.org/wiki/File:Jetstar_787_(8953979236).jpg","CC BY-SA 2.0","https://creativecommons.org/licenses/by-sa/2.0","Jetstar Airways"
"06.webp","NASA Image and Video Library","NASA’s X-59 at Sunrise","https://images.nasa.gov/details/AFRC2026-0048-30","NASA media usage guidelines","https://www.nasa.gov/nasa-brand-center/images-and-media/","NASA / AFRC"
"07.webp","Wikimedia Commons","100th Maintenance Squadron Jet Engine Raise (7103787).jpg","https://commons.wikimedia.org/wiki/File:100th_Maintenance_Squadron_Jet_Engine_Raise_(7103787).jpg","Public domain","","U.S. Air Force photo by Senior Airman Nicholas Swift"
"08.webp","Wikimedia Commons","Cockpit of P-8A Poseidon of VP-16 in March 2014.JPG","https://commons.wikimedia.org/wiki/File:Cockpit_of_P-8A_Poseidon_of_VP-16_in_March_2014.JPG","Public domain","","U.S. Navy photo by Mass Communication Specialist 2nd Class Eric A. Pastor"
"09.webp","Wikimedia Commons","NASA’s Ikhana Aircraft During Takeoff for June 12 Flight (AFRC2018-0127-12).jpg","https://commons.wikimedia.org/wiki/File:NASA%E2%80%99s_Ikhana_Aircraft_During_Takeoff_for_June_12_Flight_(AFRC2018-0127-12).jpg","Public domain","","NASA Armstrong Flight Research Center / NASA/Ken Ulbrich"
"10.webp","Wikimedia Commons","Nellis AFB Air Traffic Control Tower.jpg","https://commons.wikimedia.org/wiki/File:Nellis_AFB_Air_Traffic_Control_Tower.jpg","CC BY-SA 3.0","https://creativecommons.org/licenses/by-sa/3.0","Noah Wulf"
"11.webp","NASA Image and Video Library","NASA Armstrong Builds Model Wing","https://images.nasa.gov/details/AFRC2023-0157-094","NASA media usage guidelines","https://www.nasa.gov/nasa-brand-center/images-and-media/","NASA / AFRC"
"12.webp","Wikimedia Commons","Boeing 737-700 business jet N885LS on final approach to Boston March 2025.jpg","https://commons.wikimedia.org/wiki/File:Boeing_737-700_business_jet_N885LS_on_final_approach_to_Boston_March_2025.jpg","CC BY 4.0","https://creativecommons.org/licenses/by/4.0","4300streetcar"
"13.webp","Wikimedia Commons","US Navy 070403-N-2659P-054 Aviation Structural Mechanic Airman Joshua Burton, left, and Aviation Structural Mechanic 3rd Class Ricardo Pezaguirre work together to install a wingfold swivel on an F-A-18C Hornet.jpg","https://commons.wikimedia.org/wiki/File:US_Navy_070403-N-2659P-054_Aviation_Structural_Mechanic_Airman_Joshua_Burton,_left,_and_Aviation_Structural_Mechanic_3rd_Class_Ricardo_Pezaguirre_work_together_to_install_a_wingfold_swivel_on_an_F-A-18C_Hornet.jpg","Public domain","","U.S. Navy photo by Mass Communication Specialist 3rd Class Paul J. Perkins"
"14.webp","NASA Image and Video Library","NASA’s Crossflow Attenuated Natural Laminar Flow (CATNLF) Project Tests Model Wing on F-15","https://images.nasa.gov/details/AFRC2026-0004-020","NASA media usage guidelines","https://www.nasa.gov/nasa-brand-center/images-and-media/","NASA / AFRC"
"15.webp","Wikimedia Commons","Cockpit of Boeing 737 700 Flight Simulator in Berlin IMG 0133.JPG","https://commons.wikimedia.org/wiki/File:Cockpit_of_Boeing_737_700_Flight_Simulator_in_Berlin_IMG_0133.JPG","CC BY-SA 3.0","https://creativecommons.org/licenses/by-sa/3.0","Politikaner"
"16.webp","Wikimedia Commons","Delta Air Lines Boeing 717-231 N927AT Landing on Runway 22 at Blue Grass Airport in 2025.jpg","https://commons.wikimedia.org/wiki/File:Delta_Air_Lines_Boeing_717-231_N927AT_Landing_on_Runway_22_at_Blue_Grass_Airport_in_2025.jpg","CC0","http://creativecommons.org/publicdomain/zero/1.0/deed.en","Checkerberry"
"17.webp","Wikimedia Commons","SAS Boeing 747 Combi Magnus Viking LN-RNA at the Boeing Company´s manfacturing plant at Everett in 1977.jpg","https://commons.wikimedia.org/wiki/File:SAS_Boeing_747_Combi_Magnus_Viking_LN-RNA_at_the_Boeing_Company%C2%B4s_manfacturing_plant_at_Everett_in_1977.jpg","CC BY-SA 2.0","https://creativecommons.org/licenses/by-sa/2.0","SAS Museet"
"18.webp","NASA Image and Video Library","Administrator Isaacman and Secretary Hegseth Fly Over Kennedy","https://images.nasa.gov/details/NHQ20260202_admin_0009","NASA media usage guidelines","https://www.nasa.gov/nasa-brand-center/images-and-media/","NASA / KSC"
"19.webp","Wikimedia Commons","The pilot and copilot man their stations in the cockpit of an SH-3 Sea King helicopter - DPLA - 9a89e297bacc6206f85fd2aa6b52d0c9.jpeg","https://commons.wikimedia.org/wiki/File:The_pilot_and_copilot_man_their_stations_in_the_cockpit_of_an_SH-3_Sea_King_helicopter_-_DPLA_-_9a89e297bacc6206f85fd2aa6b52d0c9.jpeg","Public domain","","Department of Defense. American Forces Information Service. Defense Visual Information Center. 1994"
"20.webp","Wikimedia Commons","PH-BFV loading cargo at PEK (20200515053626).jpg","https://commons.wikimedia.org/wiki/File:PH-BFV_loading_cargo_at_PEK_(20200515053626).jpg","CC BY-SA 4.0","https://creativecommons.org/licenses/by-sa/4.0","N509FZ"
"21.webp","NASA Image and Video Library","NASA ER-2 Maintenance Staff Keeps Aircraft Mission Ready","https://images.nasa.gov/details/AFRC2026-0012-076","NASA media usage guidelines","https://www.nasa.gov/nasa-brand-center/images-and-media/","NASA / AFRC"
"22.webp","Wikimedia Commons","Diamond Aircraft Industries DV20 Katana Instrument Panel.jpg","https://commons.wikimedia.org/wiki/File:Diamond_Aircraft_Industries_DV20_Katana_Instrument_Panel.jpg","CC BY 2.0","https://creativecommons.org/licenses/by/2.0","flightlog"
"23.webp","NASA Image and Video Library","USNTP WB-57 Flight Preparations and Takeoff","https://images.nasa.gov/details/jsc2018e043361","NASA media usage guidelines","https://www.nasa.gov/nasa-brand-center/images-and-media/","NASA / JSC"
"24.webp","NASA Image and Video Library","NASA’s X-59 Accelerates for Takeoff","https://images.nasa.gov/details/AFRC2025-0168-009","NASA media usage guidelines","https://www.nasa.gov/nasa-brand-center/images-and-media/","NASA / AFRC"
"25.webp","Wikimedia Commons","100th Maintenance Squadron Jet Engine Raise (7103783).jpg","https://commons.wikimedia.org/wiki/File:100th_Maintenance_Squadron_Jet_Engine_Raise_(7103783).jpg","Public domain","","U.S. Air Force photo by Senior Airman Nicholas Swift"
"26.webp","Wikimedia Commons","Boeing Business Jet Boeing 737-700 (N50TC) @MAN, May 2016 (26474424740).jpg","https://commons.wikimedia.org/wiki/File:Boeing_Business_Jet_Boeing_737-700_(N50TC)_@MAN,_May_2016_(26474424740).jpg","CC BY-SA 2.0","https://creativecommons.org/licenses/by-sa/2.0","Riik@mctr"
"27.webp","NASA Image and Video Library","NASA Test Pilot Opens X-59 Cockpit After Historic First Flight","https://images.nasa.gov/details/AFRC2025-0168-094","NASA media usage guidelines","https://www.nasa.gov/nasa-brand-center/images-and-media/","NASA / AFRC"
"28.webp","Wikimedia Commons","Airplanes and ground crew at Frankfurt airport (cropped).jpg","https://commons.wikimedia.org/wiki/File:Airplanes_and_ground_crew_at_Frankfurt_airport_(cropped).jpg","CC0","http://creativecommons.org/publicdomain/zero/1.0/deed.en","Napets007"
"29.webp","Wikimedia Commons","US Navy 090721-N-9950J-236 Marine Capt. Erick Min, assigned to Marine Medium Helicopter Squadron (HMM) 262, pilots a CH-53E Sea Stallion helicopter during an in-flight refueling.jpg","https://commons.wikimedia.org/wiki/File:US_Navy_090721-N-9950J-236_Marine_Capt._Erick_Min,_assigned_to_Marine_Medium_Helicopter_Squadron_(HMM)_262,_pilots_a_CH-53E_Sea_Stallion_helicopter_during_an_in-flight_refueling.jpg","Public domain","","U.S. Navy photo by Mass Communication Specialist 2nd Class Greg Johnson"
"30.webp","NASA Image and Video Library","Forebody and Nose - Windtunnel Testing","https://images.nasa.gov/details/LRC-2022-H1_P_X-59-4","NASA media usage guidelines","https://www.nasa.gov/nasa-brand-center/images-and-media/","NASA / LRC"
"31.webp","Wikimedia Commons","100th Maintenance Squadron Jet Engine Raise (7103779).jpg","https://commons.wikimedia.org/wiki/File:100th_Maintenance_Squadron_Jet_Engine_Raise_(7103779).jpg","Public domain","","U.S. Air Force photo by Senior Airman Nicholas Swift"
"32.webp","NASA Image and Video Library","NASA’s X-59 Arrives at New Base of Flight Operations","https://images.nasa.gov/details/AFRC2025-0173-02","NASA media usage guidelines","https://www.nasa.gov/nasa-brand-center/images-and-media/","NASA / AFRC"
"33.webp","NASA Image and Video Library","NASA Armstrong Builds Model Wing","https://images.nasa.gov/details/AFRC2023-0157-089","NASA media usage guidelines","https://www.nasa.gov/nasa-brand-center/images-and-media/","NASA / AFRC"
"34.webp","Wikimedia Commons","US Navy 100219-N-5961C-002 A pilot aboard an American Airlines flight from Miami waves a Haitian flag from the cockpit of his plane as it arrives at Toussaint Louverture International Airport in Port-au-Prince, Haiti.jpg","https://commons.wikimedia.org/wiki/File:US_Navy_100219-N-5961C-002_A_pilot_aboard_an_American_Airlines_flight_from_Miami_waves_a_Haitian_flag_from_the_cockpit_of_his_plane_as_it_arrives_at_Toussaint_Louverture_International_Airport_in_Port-au-Prince,_Haiti.jpg","Public domain","","U.S. Navy photo by Senior Chief Mass Communication Specialist Spike Call"
"35.webp","Wikimedia Commons","US Navy 060826-N-6240R-006 The pilot of a Colombian helicopter makes his approach while landing aboard the frigate ARC (Armada Republica de Colombia) Antioquia (FL 53).jpg","https://commons.wikimedia.org/wiki/File:US_Navy_060826-N-6240R-006_The_pilot_of_a_Colombian_helicopter_makes_his_approach_while_landing_aboard_the_frigate_ARC_(Armada_Republica_de_Colombia)_Antioquia_(FL_53).jpg","Public domain","","U.S. Navy photo by Mass Communication Specialist 1st Class Richard Rosser"
"36.webp","NASA Image and Video Library","KSC-08pd2992","https://images.nasa.gov/details/KSC-08pd2992","NASA media usage guidelines","https://www.nasa.gov/nasa-brand-center/images-and-media/","NASA / KSC"
"37.webp","Wikimedia Commons","U.S. Air Force Tech. Sgt. Flint Hamilton, left, a flight engineer with the 95th Airlift Squadron, and Master Sgt. Robin Wright, a crew chief with the 440th Aircraft Maintenance Squadron, perform a visual 130729-F-AF679-968.jpg","https://commons.wikimedia.org/wiki/File:U.S._Air_Force_Tech._Sgt._Flint_Hamilton,_left,_a_flight_engineer_with_the_95th_Airlift_Squadron,_and_Master_Sgt._Robin_Wright,_a_crew_chief_with_the_440th_Aircraft_Maintenance_Squadron,_perform_a_visual_130729-F-AF679-968.jpg","Public domain","","TSgt Efren Lopez"
"38.webp","Wikimedia Commons","US Navy 091014-N-3038W-676 The aviation intermediate maintenance department jet shop performs a jet engine test cell on a F404-GE-400 jet engine for a F-A-18C.jpg","https://commons.wikimedia.org/wiki/File:US_Navy_091014-N-3038W-676_The_aviation_intermediate_maintenance_department_jet_shop_performs_a_jet_engine_test_cell_on_a_F404-GE-400_jet_engine_for_a_F-A-18C.jpg","Public domain","","U.S. Navy photo by Mass Communication Specialist 3rd Class John Phillip Wagner Jr."
"39.webp","NASA Image and Video Library","Automated Flight and Contingency Management, or AFCM, Subproject","https://images.nasa.gov/details/ACD22-0036-010","NASA media usage guidelines","https://www.nasa.gov/nasa-brand-center/images-and-media/","NASA / ARC"
"40.webp","Wikimedia Commons","Daniel K. Inouye International Airport Air Traffic Control Tower 2025.jpg","https://commons.wikimedia.org/wiki/File:Daniel_K._Inouye_International_Airport_Air_Traffic_Control_Tower_2025.jpg","CC0","http://creativecommons.org/publicdomain/zero/1.0/deed.en","Michael Voss"
"41.webp","Wikimedia Commons","US Navy 050906-N-0413R-104 Aviation Structural Mechanic Airman Justin Tillman pressurizes a nitrogen line to service aircraft tires.jpg","https://commons.wikimedia.org/wiki/File:US_Navy_050906-N-0413R-104_Aviation_Structural_Mechanic_Airman_Justin_Tillman_pressurizes_a_nitrogen_line_to_service_aircraft_tires.jpg","Public domain","","U.S. Navy photo by Photographer's Mate 3rd Class Shannon E. Renfroe"
"42.webp","NASA Image and Video Library","KSC-08pd1473","https://images.nasa.gov/details/KSC-08pd1473","NASA media usage guidelines","https://www.nasa.gov/nasa-brand-center/images-and-media/","NASA / KSC"
"43.webp","Wikimedia Commons","Pilatus PC-12 Aircraft Being Prepped for Takeoff (GRC-2024-C-06735).jpg","https://commons.wikimedia.org/wiki/File:Pilatus_PC-12_Aircraft_Being_Prepped_for_Takeoff_(GRC-2024-C-06735).jpg","Public domain","","NASA Glenn Research Center / NASA/GRC/Sara Lowthian-Hanna"
"44.webp","Wikimedia Commons","Zeppelin Eureka instrument panel (4361147267).jpg","https://commons.wikimedia.org/wiki/File:Zeppelin_Eureka_instrument_panel_(4361147267).jpg","CC BY 2.0","https://creativecommons.org/licenses/by/2.0","Dave Proffer"
"45.webp","NASA Image and Video Library","NASA Armstrong Builds Model Wing","https://images.nasa.gov/details/AFRC2023-0157-076","NASA media usage guidelines","https://www.nasa.gov/nasa-brand-center/images-and-media/","NASA / AFRC"
"46.webp","Wikimedia Commons","Taiwan Taoyuan Airport ground crew waving goodbye at flight May 2025.jpg","https://commons.wikimedia.org/wiki/File:Taiwan_Taoyuan_Airport_ground_crew_waving_goodbye_at_flight_May_2025.jpg","CC BY 4.0","https://creativecommons.org/licenses/by/4.0","4300streetcar"
"47.webp","NASA Image and Video Library","National Campaign Adds Helicopter Flights","https://images.nasa.gov/details/AFRC2021-0158-17","NASA media usage guidelines","https://www.nasa.gov/nasa-brand-center/images-and-media/","NASA / AFRC"
"48.webp","Wikimedia Commons","20181208 JMSDF Lockheed P-3 Orion takeoff Naha Air Show 2018-4.jpg","https://commons.wikimedia.org/wiki/File:20181208_JMSDF_Lockheed_P-3_Orion_takeoff_Naha_Air_Show_2018-4.jpg","CC0","http://creativecommons.org/publicdomain/zero/1.0/deed.en","Balon Greyjoy"
"49.webp","Wikimedia Commons","United Airlines - N771UA - Flickr - skinnylawyer.jpg","https://commons.wikimedia.org/wiki/File:United_Airlines_-_N771UA_-_Flickr_-_skinnylawyer.jpg","CC BY-SA 2.0","https://creativecommons.org/licenses/by-sa/2.0","skinnylawyer from Los Angeles, California, USA"
"50.webp","Wikimedia Commons","Cockpit of a Fuerzas Unidas de Rápida Acción Bell 429 helicopter - 230608-Z-AP021-1012.jpg","https://commons.wikimedia.org/wiki/File:Cockpit_of_a_Fuerzas_Unidas_de_R%C3%A1pida_Acci%C3%B3n_Bell_429_helicopter_-_230608-Z-AP021-1012.jpg","Public domain","","Airman 1st Class Gisselle Toro Caraballo"
